{"joints21": [[0.0, 0.0, 0.0, 0.01602260143920565, 111.62213866690887, -0.0001149152217106231, 8.90998895098048, 99.87532123675544, 1.7473540901280677, 12.722539713446235, 56.058111180689735, -2.653638044033569, 10.083752332140211, 9.996522879517165, -4.633324638868254, 13.318310165856344, 6.245799511123397, 9.100882220152492, -8.632030781258655, 100.62543150843696, 4.049855925086828, -16.390334454886688, 55.71460013316334, 1.9375428420100365, -19.044161655094133, 10.239885753468041, -6.1132364168272515, -19.840736595368565, 4.858187904322839, 7.531848771913423, -0.08089891234306565, 124.14863694058604, -1.115319061731462, 0.34761380508158385, 136.67332807700447, -1.9508429139218788, 1.0983970990721894, 146.69458109263064, 2.113208699694672, 2.033072500567081, 156.84186365420706, 6.0162972931908385, 15.682683773568051, 136.33144746830789, 0.7672480741081709, 12.777266860277775, 118.15472599211243, 22.35893216453331, 1.1926159316913285, 117.33316971674381, 33.48497677706766, -1.1859960121766595, 117.16448413603864, 35.76942563672876, -13.791147324578331, 152.51258792441283, -1.6995498938677471, -20.96986811343157, 126.61464153230038, 7.338403125752853, -6.691058880332067, 116.67254947137326, 10.505570434203548, -4.110179564885565, 114.87552709132557, 11.078032497495979, 0.05837818324240445, -0.03419291390959932, 6.48388071228118e-05, 0.0, 0.04201680672268908, 0.0, 0.08683473389355742]], "body_normal": [[0.0, -0.22709062101943056]], "face_normal": [[0.0, -0.18120987008407619]]}