{"joints21": [[0.0, 0.0, 0.0, -0.004226393901496292, 114.03491698387288, -0.005758227444942319, 9.729330374488635, 103.13050569708588, 3.0767152645020235, 18.65279168218326, 60.08973628802309, 1.7229091743550018, 22.678930580018815, 15.681251718463926, -4.312754943991982, 24.927977058449578, 11.295891959988571, 9.228545439332239, -9.134258281655686, 102.90530344778257, 3.400796068271713, -12.800836260239945, 57.111362372806525, -2.6332003413288207, -9.4820644507988, 11.188549974737528, -4.408416794677819, -11.627991613309913, 7.4265642784252845, 9.988825088534723, -0.9677333988491859, 126.67572305376362, -0.6865788232429018, -1.9616220405312776, 139.31175794981436, -1.0129324720214268, -2.4471526151896636, 149.43787801461826, 2.7883549213038834, -2.0520571328837907, 159.900028472235, 5.891098538216786, 13.90143423839312, 153.7000283468985, -4.880998439214636, 25.5265870747953, 133.76051977920113, -3.677486255171398, 19.88441796481746, 124.52941604116758, 2.159009719722637, 18.725942761978178, 122.63404485202022, 3.3573849769315656, -18.788446008571267, 151.59655314717867, -5.20664577679245, -28.50576367749682, 127.5323441479703, -2.140510655611413, -22.757797234981318, 119.67580662034379, 5.621733196738855, -21.71885852131179, 118.25574596507028, 7.024750372256789, 0.009972294172463885, 0.008762346241265909, -0.00011079373474070402, 0.0, 0.03611111111111111, 0.025, 0.07222222222222222]], "body_normal": [[0.0, -0.20097541529954593]], "face_normal": [[0.0, -0.1599146611765942]]}