{"joints21": [[0.0, 0.0, 0.0, 0.11887037676173348, 3.921488018233944, 0.3976537871657631, 1.106671437454389, 4.649173864762705, 0.7734056904070586, 8.080963592296486, 5.2252662206624185, 4.3831339227275645, 15.762625712845034, 6.080932011024053, 8.037560165982446, 16.297119033250187, 7.449675741890048, 8.882529982471242, 0.5178859681633361, 3.991951594972012, 0.8731482108191354, 1.7707219435119266, 4.078390952443756, 3.1944682085482667, 10.040648054396858, 3.911583322147479, 2.0213595211470885, 10.259642793007481, 4.1710667643144435, 2.1314863868162677, 0.8263636944914455, 3.8495480413702836, 1.2505001121680084, 1.6512679251430962, 3.798213696623726, 2.8603593055663716, 2.206860346567495, 3.997908252838447, 3.984618382291949, 3.33469640769661, 4.053167420195519, 4.680207624336039, 4.833942295530043, 5.207810858690544, 5.410352688938704, 7.1317329537811895, 15.346570489588197, 11.398930478085223, 16.798982940344313, 27.490096852437013, 18.0213256297466, 18.830869939292132, 30.024583112387578, 19.51488698988679, 1.5414634177272086, 4.127144629779191, 4.733228604106864, 12.663288593752597, 12.632049516625102, 9.363208598886697, 23.738332187836928, 23.453029229394208, 16.289018083894607, 25.766892980099662, 25.425954931865725, 17.602305115902322, 0.12007210723563314, 0.11990078532235386, 0.001206767574087097, 0.0, 0.1865666067800778, 0.15612494995995993, 0.2588555057160389]], "body_normal": [[0.0, 0.6659346755775184]], "face_normal": [[0.0, 0.5583190217483438]]}