{"joints21": [[0.0, 0.0, 0.0, 0.34327371064199896, 11.810177737268262, 0.3823271441283345, 0.9099161854078606, 10.761364034861215, 1.3669238040034215, 3.524307178308023, 7.493425317735123, 2.7598422245520893, 7.237772046370576, 5.660393092485409, 1.8018549043609857, 6.279582943350932, 5.8016021037727565, 1.7970116764123616, 0.9694350252126931, 11.159345909098185, 1.9100167932132202, 2.5248254195611426, 8.115660684776618, 7.848367149337202, 4.428267090908391, 6.959384039203721, 4.188458405900743, 4.988641214809263, 5.9219007372468155, 3.8196566832642027, 0.7464015975254294, 12.84659351706259, 1.4762679709258635, 1.0564376530716508, 13.898176974731749, 3.323679097947398, 1.2810780368122003, 14.763329649670833, 3.566248628237811, 1.742489578865983, 15.70089916137099, 3.575236332614889, 6.958388285517835, 16.2985624630659, 7.541092602022259, 10.511616035144737, 19.546810859803987, 5.814249828360599, 10.117672402761041, 30.10429424574687, 7.703716802345979, 10.508389651698215, 32.431838220504275, 8.32167712599956, 2.0095812844271603, 15.307835462184496, 4.897934278356836, 8.10621964697975, 12.742795941793702, 9.506658532070853, 14.629367653251329, 12.492506441586269, 14.451752420792817, 15.869253614514102, 12.803541741905699, 15.542261431690575, 0.40520809448960726, 0.1398289547147402, 0.00089911475773228, 0.0, 0.20062750229097853, 0.0, 0.28159272519579426]], "body_normal": [[0.0, 0.6638564888768936]], "face_normal": [[0.0, 0.6916380777877472]]}